HashFunction,Image,Port,Protocol,ScalingUpperBound,ScalingLowerBound,IterationMultiplier
6b6c3f35ccaa762d1cebb1c4afc9f45390be2e63a3eb7b837ffc8844f905e497,docker.io/cvetkovic/dirigent_empty_function:latest,80,tcp,10000,0,1
50c299e17d4efc49801309706c558c57a6e5f94938a4aedfead15048c10f668f,docker.io/cvetkovic/dirigent_empty_function:latest,80,tcp,10000,0,1
539299936e2157f3a4f391aa9c65703c839ce69fb5db922a648932284b1de95a,docker.io/cvetkovic/dirigent_empty_function:latest,80,tcp,10000,0,1
e5cebb1cc5841eb29f8e61e887599314d5773007f36f567d94cf02a6e4581708,docker.io/cvetkovic/dirigent_empty_function:latest,80,tcp,10000,0,1
1948876d67f73860a97e6a6f57dad339f21f0188ff3eff1bf6f3df7f37606e71,docker.io/cvetkovic/dirigent_empty_function:latest,80,tcp,10000,0,1
d7140fc1254b552d8c41c5820f3e663331ea4a7741d9245434b539eecb201ea4,docker.io/cvetkovic/dirigent_empty_function:latest,80,tcp,10000,0,1
9b4073d8aafe394ff5ae5c152d0043f3d7e230b2f70b490992b1e09577d58aa8,docker.io/cvetkovic/dirigent_empty_function:latest,80,tcp,10000,0,1
982942674683027aa4efd49a9dc182d290f24e2e01b7732b63758682325bbe95,docker.io/cvetkovic/dirigent_empty_function:latest,80,tcp,10000,0,1
3183bb57119391426a55c3a45d05e14f76f2939665bb1ccb3452e6c2ad9ee148,docker.io/cvetkovic/dirigent_empty_function:latest,80,tcp,10000,0,1
7f295710014944a22d03d61b4ec5e9eb00f8ec6ad207e8b8ad9546930bfa4cee,docker.io/cvetkovic/dirigent_empty_function:latest,80,tcp,10000,0,1
9bbca89af98d98704964f8422a8a85d6be4e12396f050ecde510c416ab3139b2,docker.io/cvetkovic/dirigent_empty_function:latest,80,tcp,10000,0,1
85e6db38e2c052abc9eaa53d7ae1cfbb2d745be407c392629927e35f3af91680,docker.io/cvetkovic/dirigent_empty_function:latest,80,tcp,10000,0,1
63a0e5f057df6a21211ea88551917ff4e85fc5c169955042d865a45c73191c6f,docker.io/cvetkovic/dirigent_empty_function:latest,80,tcp,10000,0,1
bb68789968acca204f82d10b282478d60359c76e3c7b388ef7e2ad4e5c031e66,docker.io/cvetkovic/dirigent_empty_function:latest,80,tcp,10000,0,1
f67b831f0086ae24538e114028ad1f10c2f3f03a925dc9df49c522a77f867db5,docker.io/cvetkovic/dirigent_empty_function:latest,80,tcp,10000,0,1
6fd6953b8dc710819715858233d92f46a80432e39f938be4eb9add5d3d45c951,docker.io/cvetkovic/dirigent_empty_function:latest,80,tcp,10000,0,1
fe87ead13c6d569e78bb64193b44310d30f58a2cfb590616fec3ffb30f59cd7b,docker.io/cvetkovic/dirigent_empty_function:latest,80,tcp,10000,0,1
0080e4df772838203e721597283b1377e1a06646e008f9f86f4f46ddb9090366,docker.io/cvetkovic/dirigent_empty_function:latest,80,tcp,10000,0,1
57bcf6dbc41e33f6fa70fe65f70ef8ca944293e867143176d80039b34c0289f9,docker.io/cvetkovic/dirigent_empty_function:latest,80,tcp,10000,0,1
1226653fa86ec5aee1de121e7d26bb01f58db1d693a7de7f3c14791ee7ae92d2,docker.io/cvetkovic/dirigent_empty_function:latest,80,tcp,10000,0,1
bc8aa956e8fc00b73af014fff2710abf06de1ef0a1c3c3502221d807ae3c9b29,docker.io/cvetkovic/dirigent_empty_function:latest,80,tcp,10000,0,1
cdd35c0d06a42f6b11eff18a3713d75735e934ea747dd24915efb9cd27c31044,docker.io/cvetkovic/dirigent_empty_function:latest,80,tcp,10000,0,1
4249ce50864af2dcd97fc94b224b7801b4a941033c67d2fd077a33d1cd1ec37a,docker.io/cvetkovic/dirigent_empty_function:latest,80,tcp,10000,0,1
8c384386e21dfda486fe16b7ad737f7390cc367e4012ba8af12104161c68caf3,docker.io/cvetkovic/dirigent_empty_function:latest,80,tcp,10000,0,1
d5fee2638aece1f3d2e427d2fdf31215150517ea5287b7c621fc8991488e3b2e,docker.io/cvetkovic/dirigent_empty_function:latest,80,tcp,10000,0,1
7551e180ce585cf5b6fa83bf27e26dbd7de3740ddd7483da2db756ec726ff8ad,docker.io/cvetkovic/dirigent_empty_function:latest,80,tcp,10000,0,1
03817ffa0b91a65bb8abeda2bcf23a393efc6327b93720999e3ac7ceef59bbec,docker.io/cvetkovic/dirigent_empty_function:latest,80,tcp,10000,0,1
b617d7aa046e850f28362a464326f45b11648be85b276067a8fe7ad36d034c78,docker.io/cvetkovic/dirigent_empty_function:latest,80,tcp,10000,0,1
8ed88cef914547d3cc7c9b0683789163f6cb74c489a02c955cf8a0050422d500,docker.io/cvetkovic/dirigent_empty_function:latest,80,tcp,10000,0,1
c84288c9a80e5994c04e6acfe3df734cc574a0c6ed6a7508e90cdf2ac66a09a8,docker.io/cvetkovic/dirigent_empty_function:latest,80,tcp,10000,0,1
2a218c37aabdca806e7a25a475fee6e6f00520c77900e368224dddc912255a87,docker.io/cvetkovic/dirigent_empty_function:latest,80,tcp,10000,0,1
5d480571dd662dd74ffc5105b4e755f844776e2fb5adc084b73bfc65ae393fc0,docker.io/cvetkovic/dirigent_empty_function:latest,80,tcp,10000,0,1
55ff4303d636bcb16b9dcda23decf2e6ba1c2747c33bd4379d4d5138a07f0fee,docker.io/cvetkovic/dirigent_empty_function:latest,80,tcp,10000,0,1
e3a5f375e1f9cf49ca2bb96e4a9052d81ac28573f5011768b964b88ffd4af021,docker.io/cvetkovic/dirigent_empty_function:latest,80,tcp,10000,0,1
48d40843ca79028c4f89acaddc279f9aa5101b46ab5df713e831557c571cdfa7,docker.io/cvetkovic/dirigent_empty_function:latest,80,tcp,10000,0,1
6f313707237b62a32624511b4652dd97a67774800b11762f0d2ac074cbbf35c8,docker.io/cvetkovic/dirigent_empty_function:latest,80,tcp,10000,0,1
a284cd6a0df8dba5ccce5ec4f43076f88338ff4e2e08aa91465aee3d6979d257,docker.io/cvetkovic/dirigent_empty_function:latest,80,tcp,10000,0,1
0f85cc243d5cee3b571848f69c4c7ab53031f5b82977d98c96d9561d997f1d9d,docker.io/cvetkovic/dirigent_empty_function:latest,80,tcp,10000,0,1
55c60ec9c23bf0e437116cf1914393daad0690e8599e68c0832e7f0762370009,docker.io/cvetkovic/dirigent_empty_function:latest,80,tcp,10000,0,1
5f852d25ed68a57d106fffe8e0c89d7f089693d95fd7f90b87fe6d0212444ba1,docker.io/cvetkovic/dirigent_empty_function:latest,80,tcp,10000,0,1
a0901ff352a970f6a1d00c18c34ca684ece686b41f610363ce0df06c6cf32779,docker.io/cvetkovic/dirigent_empty_function:latest,80,tcp,10000,0,1
12565e2d8b27017788b2ec7fd23d020f66a2e0c8acb6a8543be0f71edf8602bc,docker.io/cvetkovic/dirigent_empty_function:latest,80,tcp,10000,0,1
a0d8b1fef490b1a175625a82655c781b48b16d84187ad40ab3e3548f8907ccd7,docker.io/cvetkovic/dirigent_empty_function:latest,80,tcp,10000,0,1
df5ec2b44d8a2758c8e23882cd0d3005d53939c25bf8291405002c757a241077,docker.io/cvetkovic/dirigent_empty_function:latest,80,tcp,10000,0,1
8880f17670922c55cd1f7a81a02d8b7208caf5cb0ebe3a3a9c13c4b5b02248ca,docker.io/cvetkovic/dirigent_empty_function:latest,80,tcp,10000,0,1
e747d9430764f884008a15167c929758d3d590fd5efa562cf03eeaaa8c99c565,docker.io/cvetkovic/dirigent_empty_function:latest,80,tcp,10000,0,1
08fb4690139083f487bdd49d199886adc9dfefcdaa557df433d2c1b8595fe361,docker.io/cvetkovic/dirigent_empty_function:latest,80,tcp,10000,0,1
052889616d5fb71e3f19a480375706dc6242daa3b9a62995fae0203296b1656c,docker.io/cvetkovic/dirigent_empty_function:latest,80,tcp,10000,0,1
f5373cb2d55c365abb55e3eb6724639bcd3df2102ace93421561babdbc4896bc,docker.io/cvetkovic/dirigent_empty_function:latest,80,tcp,10000,0,1
a470ffd77f5137cd0e2aca411d12285e99bd89f1b5ddefb8d92201c0f84d4ca3,docker.io/cvetkovic/dirigent_empty_function:latest,80,tcp,10000,0,1
e187f140b6893d501f0ee48846303c85028f94a040436140b59ee29615b134cb,docker.io/cvetkovic/dirigent_empty_function:latest,80,tcp,10000,0,1
0f2f317c2c78b70c6f7669cb9f36ac897190971e676a0fb91298175cf259ca6d,docker.io/cvetkovic/dirigent_empty_function:latest,80,tcp,10000,0,1
b53eaa89d8ca6ff14625931a5fa8422792459407705f9ed606355001100381d8,docker.io/cvetkovic/dirigent_empty_function:latest,80,tcp,10000,0,1
6f4953736ed44425ee762d6794470c829a1dfe1157193fd6490a089faf179219,docker.io/cvetkovic/dirigent_empty_function:latest,80,tcp,10000,0,1
184f9479f4b3cd786d378028b8cf56f1e48b8f198362664341c9261c3398f2eb,docker.io/cvetkovic/dirigent_empty_function:latest,80,tcp,10000,0,1
5e50437c55367c5ed04578dd87e8ba8d5df2225b87f1372610c96f7ecf538b6d,docker.io/cvetkovic/dirigent_empty_function:latest,80,tcp,10000,0,1
81c6a8cd6cd7ae74b5028bcff1d20236cb91e27072aee6a88ef6f0feea528889,docker.io/cvetkovic/dirigent_empty_function:latest,80,tcp,10000,0,1
b33ee682e625ae6613fe3f19977ac466fe4d31665d0fb56464de98fdb11e1365,docker.io/cvetkovic/dirigent_empty_function:latest,80,tcp,10000,0,1
82ee1b8ecbf45e41d309c8062b68ac9b5140788eb5fd01d930065e64bd1c5c92,docker.io/cvetkovic/dirigent_empty_function:latest,80,tcp,10000,0,1
28bff1b3e5bb814eb4f8b4780e8c9ac09e97194e27899c167697aac614b61c35,docker.io/cvetkovic/dirigent_empty_function:latest,80,tcp,10000,0,1
02303cf0834294732d091e9b6fb27bb443503888e5098521b421c36b2ee6272e,docker.io/cvetkovic/dirigent_empty_function:latest,80,tcp,10000,0,1
d80dbcc8bc43cccba57d2f84e1930e6d98f3810684f92c3e7c8eb3c9160eb429,docker.io/cvetkovic/dirigent_empty_function:latest,80,tcp,10000,0,1
04bc3c74f468052ef762ba61649663e7224dd0939d5ba00a3aba396df0518e28,docker.io/cvetkovic/dirigent_empty_function:latest,80,tcp,10000,0,1
a2bc423075b23b7e8f3256122beed13c4c1cad45f9f421bf9415791cfb2f60e1,docker.io/cvetkovic/dirigent_empty_function:latest,80,tcp,10000,0,1
c9aaf0ff618d863501313183fff2869f281b455d6f1cf9411551778f633305cc,docker.io/cvetkovic/dirigent_empty_function:latest,80,tcp,10000,0,1
3a917506f8e9f9b3917b84b150039362acabd3c6b8ac3b40118f32d566ec811d,docker.io/cvetkovic/dirigent_empty_function:latest,80,tcp,10000,0,1
b72a092a40a910fe0832a05fe319c33aebd039a42f2dbe03489429745ac3cbc7,docker.io/cvetkovic/dirigent_empty_function:latest,80,tcp,10000,0,1
195ce3553f9b5e8722723971b0ef36011a00ead3700259fa617b40e2b5310d35,docker.io/cvetkovic/dirigent_empty_function:latest,80,tcp,10000,0,1
d5d85753a47b06ebaef9b1e8c1fe662181fb8aa629969d8f6f9cc90968c39d1c,docker.io/cvetkovic/dirigent_empty_function:latest,80,tcp,10000,0,1
ae6a959bddb2bd3410ddc58f61efc435847caff06a14764125a8ba3d696bef40,docker.io/cvetkovic/dirigent_empty_function:latest,80,tcp,10000,0,1
9ef148d5845f7a643b16aed7751849ed1d381e24d4cee43eeb4e512e71e77023,docker.io/cvetkovic/dirigent_empty_function:latest,80,tcp,10000,0,1
e453fff5ffe0cc9feebcace85d9bfb2a486c21e3c30a3feb9afa788f24abe25b,docker.io/cvetkovic/dirigent_empty_function:latest,80,tcp,10000,0,1
a303f9f4c90ab3d7fe6d56d467aa570ba44e75196bb2905ce6aaf67f0f22b2cf,docker.io/cvetkovic/dirigent_empty_function:latest,80,tcp,10000,0,1
6036fc9c2124e4811749c8dd47e88a3466b0a91937bdb6ceba57eccea61278a7,docker.io/cvetkovic/dirigent_empty_function:latest,80,tcp,10000,0,1
135e9a83d1cc87af48ad51f10cae2eb173f07946b0a5b82edfe62247db310dc3,docker.io/cvetkovic/dirigent_empty_function:latest,80,tcp,10000,0,1
79b7bab08d73f23f5cec9c7fdf2d6f670e0890caf4f1c340176622c89c82dc72,docker.io/cvetkovic/dirigent_empty_function:latest,80,tcp,10000,0,1
a5d33b46a81e47ea1a1d11902ab5b2ac8b7226ca42cbb1289c12399ac1b692df,docker.io/cvetkovic/dirigent_empty_function:latest,80,tcp,10000,0,1
82a8a534a6242bdf5b2c3c048fdf3f3da25c60223157db44fb52cbd4ff3f2d7f,docker.io/cvetkovic/dirigent_empty_function:latest,80,tcp,10000,0,1
d5defab1742679c1f7389b8db3ffbb89e0775146123465df84a85620d99176bb,docker.io/cvetkovic/dirigent_empty_function:latest,80,tcp,10000,0,1
17e24635362b4c186cf01870bb683dd597f90f195634e4b99c5e47d46e2c82b9,docker.io/cvetkovic/dirigent_empty_function:latest,80,tcp,10000,0,1
e5f1fe51782a94c425dc43c79dd076dfa63048bb0219219bf1cdbcd37e9908c4,docker.io/cvetkovic/dirigent_empty_function:latest,80,tcp,10000,0,1
08dac77bad1f97f6df44cb488e8105e41fd184d96f8ab172fb7781c4c10e92a2,docker.io/cvetkovic/dirigent_empty_function:latest,80,tcp,10000,0,1
6363d6fd3fff90b37602287cad6b25194d7a95cfb8cc3e43261f56aab9c21480,docker.io/cvetkovic/dirigent_empty_function:latest,80,tcp,10000,0,1
899dbdc1558169294120bd3906797cb1df329a4b626d59a8e4224709e18ec6bb,docker.io/cvetkovic/dirigent_empty_function:latest,80,tcp,10000,0,1
4d22b283f394a0528164bcd58402cfe6cdfe3315eb4921fc3e1543e548c93f21,docker.io/cvetkovic/dirigent_empty_function:latest,80,tcp,10000,0,1
09fa5d49a60cbb91fe12ac87b1c057fedfaf8f2825582df4f9a94f8ee05b7bd5,docker.io/cvetkovic/dirigent_empty_function:latest,80,tcp,10000,0,1
176dd1ae32fd9ba2d67404643d6d9d5caa10d5414bd2cfab8ee9e63a52f2ec16,docker.io/cvetkovic/dirigent_empty_function:latest,80,tcp,10000,0,1
8cef55084227bd3018dc0bc8c9e3b70ae340c08e59ab803bdaef24a7fb920076,docker.io/cvetkovic/dirigent_empty_function:latest,80,tcp,10000,0,1
3070aa26397db1c01c9f8b5a669bb62fbfa71f9f5b93d94185606cfe3a6951f5,docker.io/cvetkovic/dirigent_empty_function:latest,80,tcp,10000,0,1
a5c61809fa225276122c951f3a9a50d2b3f58b944963e23ddcb149b436a1ef80,docker.io/cvetkovic/dirigent_empty_function:latest,80,tcp,10000,0,1
308574f8cff73dff7f4a29a051ac69716c00e7a12e9edd47badaebe0748a13db,docker.io/cvetkovic/dirigent_empty_function:latest,80,tcp,10000,0,1
6e1a26e2111f2f09351b29e85ccc0f58d8fb84292140830caa2c69ca2df8029e,docker.io/cvetkovic/dirigent_empty_function:latest,80,tcp,10000,0,1
52dd9c592fe09a763bf140f583363344dc81173280ddb7cd64a0004ac71b031c,docker.io/cvetkovic/dirigent_empty_function:latest,80,tcp,10000,0,1
6513d9569810de231ad84916254234be1c67df912b3143969e446864409df260,docker.io/cvetkovic/dirigent_empty_function:latest,80,tcp,10000,0,1
758879d575cad29654c9bc2b4bd80954a98e218d518fa51650d3afe31a491553,docker.io/cvetkovic/dirigent_empty_function:latest,80,tcp,10000,0,1
d0da06a9fc18174e975e2b8c4ad8e4562df4ad5d58ade1dadaafe60ba169c61a,docker.io/cvetkovic/dirigent_empty_function:latest,80,tcp,10000,0,1
e07adb1bf506a80ab784d20bc5840ddf64eceb24704e712f6601afe115adc3d7,docker.io/cvetkovic/dirigent_empty_function:latest,80,tcp,10000,0,1
9c9e6b50fe3a4cd0fad2bd44a0b01d6775f0f766b68f756663ed677c7fa6ec70,docker.io/cvetkovic/dirigent_empty_function:latest,80,tcp,10000,0,1
f27c4b699b414f7a9bda46f84a7e976ba68fa31daa8610f4071ddd325e481a23,docker.io/cvetkovic/dirigent_empty_function:latest,80,tcp,10000,0,1
09815ea38aea8225c1ac26405ef65847d9bf6afc8d0b40ee8fd983ba8ff27ba3,docker.io/cvetkovic/dirigent_empty_function:latest,80,tcp,10000,0,1
3c726bc534cc1b34f1e9bc476e44454cec6b1bcc4b5be80544061612eea6ed7a,docker.io/cvetkovic/dirigent_empty_function:latest,80,tcp,10000,0,1
6f9469c021c83ce0226bf354dcf1270e0b79c3384251d2857cf5ef32d4fa8147,docker.io/cvetkovic/dirigent_empty_function:latest,80,tcp,10000,0,1
6802103b124cc7b282d218e56eaf4d98c6ea436778d9ac76cd5b960af3a36dbb,docker.io/cvetkovic/dirigent_empty_function:latest,80,tcp,10000,0,1
24881dd38be9ebbf5b382ee39a86741a91cdd57a26d827f9076115d06a285814,docker.io/cvetkovic/dirigent_empty_function:latest,80,tcp,10000,0,1
d74a19fd588b66286fcf9d8aaa7b274472441a8774223ddf9c9a6276282f5310,docker.io/cvetkovic/dirigent_empty_function:latest,80,tcp,10000,0,1
cd3c172a7ad9f3c00c7bd55a78b71de9a24f7ec5675c12a000296d6c1974d616,docker.io/cvetkovic/dirigent_empty_function:latest,80,tcp,10000,0,1
5b170dede32447546c12c78e7b47458cee7da156ec85395f54a9e9aecf4389a3,docker.io/cvetkovic/dirigent_empty_function:latest,80,tcp,10000,0,1
6bc352019c35c2d4048ed52ad0034e3a15e800b00d7497f4772d4bd2f728fd2b,docker.io/cvetkovic/dirigent_empty_function:latest,80,tcp,10000,0,1
88d654730a97603fae681a725340e27da847998ea6f6e80a0931189053b461db,docker.io/cvetkovic/dirigent_empty_function:latest,80,tcp,10000,0,1
1122d18c109426d69ef929a18e4d6d28198e813474ae24bf67c7d8b617d2a1b6,docker.io/cvetkovic/dirigent_empty_function:latest,80,tcp,10000,0,1
68b4635f177c0ef2ce21ecd5145ad56ec7449be9eb02dc7ba0bd07bdb03c1715,docker.io/cvetkovic/dirigent_empty_function:latest,80,tcp,10000,0,1
b47507e195b3c8c280d0d04cc6e1965867e883289a75fc253234d41163b6d6f1,docker.io/cvetkovic/dirigent_empty_function:latest,80,tcp,10000,0,1
b812ad794c58eaa6318e8194932f536ea0c3d436a446086fa3e32da62a62929b,docker.io/cvetkovic/dirigent_empty_function:latest,80,tcp,10000,0,1
e65576b14a785ca7ee977ed0f9260fbe11396656f023b026c1af2e408ecf2b6a,docker.io/cvetkovic/dirigent_empty_function:latest,80,tcp,10000,0,1
ae50d0a442e1984eb988d8b0f92a6bdd16c8f27a139bd8cfe95384f8d0cb1d6d,docker.io/cvetkovic/dirigent_empty_function:latest,80,tcp,10000,0,1
e85b136ca86a6edaf754df1ab6f7e28e72a9564d9c4bb39836c59aaf0e2d7f04,docker.io/cvetkovic/dirigent_empty_function:latest,80,tcp,10000,0,1
7fb4b29f2cbe9e321fac447817d71a3957d6c350b160f6b9173856b88fb0d074,docker.io/cvetkovic/dirigent_empty_function:latest,80,tcp,10000,0,1
fc119a808c9e9c3fe0ac3382085728c00affd3f424fad8eab6598115ef5e3ea9,docker.io/cvetkovic/dirigent_empty_function:latest,80,tcp,10000,0,1
891e9f8d77fc63913b8af9965a8fb0cd92ca1d68f63866d2443c22ba1393d3b4,docker.io/cvetkovic/dirigent_empty_function:latest,80,tcp,10000,0,1
fbca118f2bf3d794000445c09ee7787013c8005a7e1de3ec029f3b93dca98da5,docker.io/cvetkovic/dirigent_empty_function:latest,80,tcp,10000,0,1
1fe2ae5b19abe93ba79709a97f7e4b3db8d1d2c823bb9b814c8774569f4c88a9,docker.io/cvetkovic/dirigent_empty_function:latest,80,tcp,10000,0,1
edb81d8d78f569a5ad8f033370662c51668d7193a9220b9e80b2d5b99960a1b6,docker.io/cvetkovic/dirigent_empty_function:latest,80,tcp,10000,0,1
d99726aac904a2517958a5ec7b15c6a9e1902be1979cfacd06b37a3d2e3ac4d5,docker.io/cvetkovic/dirigent_empty_function:latest,80,tcp,10000,0,1
c3442d1ee5dba6831c79fe36ddda0924332c9dea6c20c85c5fd2e3161229864a,docker.io/cvetkovic/dirigent_empty_function:latest,80,tcp,10000,0,1
6f9165a89bf7ef975f432248be61dc88b7555b786fcefff9e8c4fad07ece59f7,docker.io/cvetkovic/dirigent_empty_function:latest,80,tcp,10000,0,1
a0ce69c90441d0b4918c345f08aa4c3e5a4a16dc192f9501e35b1f13ea54a37b,docker.io/cvetkovic/dirigent_empty_function:latest,80,tcp,10000,0,1
3b71b45215f3e77653643116482b5e39a08973a6f4c7ea325460a8813aa4d9bd,docker.io/cvetkovic/dirigent_empty_function:latest,80,tcp,10000,0,1
bff4dc61fdc5bd4c974bf889e7c2c14dd72c7fcf288ba4d2803f7f61174a873e,docker.io/cvetkovic/dirigent_empty_function:latest,80,tcp,10000,0,1
27e70284da3ba322324c8c5541cbea518f77836f1ad9da6236e03e64e4d868bc,docker.io/cvetkovic/dirigent_empty_function:latest,80,tcp,10000,0,1
b2fed85d92f40a6e41f7418561548deb289f2a29121872f914c49f1e1b209d76,docker.io/cvetkovic/dirigent_empty_function:latest,80,tcp,10000,0,1
466aff1e2c4a9a92bfe9e84f698e4e8388576f44bc56296391f7bf69cf5b515c,docker.io/cvetkovic/dirigent_empty_function:latest,80,tcp,10000,0,1
055d6cf0721c484f8c79eda8de917fe2625ec7e3714507fdf75a947bf1ed5701,docker.io/cvetkovic/dirigent_empty_function:latest,80,tcp,10000,0,1
e7a84d631a66c6240b508c25b6c537a4f77f6cf14999bc5e43d8bffdba4ac94b,docker.io/cvetkovic/dirigent_empty_function:latest,80,tcp,10000,0,1
bb8aa8d8fe9fe9cc979c237e85dba58eb9e84870d1ffe5919d44cfce60f5354c,docker.io/cvetkovic/dirigent_empty_function:latest,80,tcp,10000,0,1
f10e713de291d542f8f22677c033b08c9a0ff0362db1a571340f0219e9b57773,docker.io/cvetkovic/dirigent_empty_function:latest,80,tcp,10000,0,1
6497aa583d9369a36a7abff3dc323564276fc40e1582c4e652600e3f796af227,docker.io/cvetkovic/dirigent_empty_function:latest,80,tcp,10000,0,1
9bc6985d6db85c0f5ce432a110eee9f4b8258f9b37bd9b78b2d78717f2fd515e,docker.io/cvetkovic/dirigent_empty_function:latest,80,tcp,10000,0,1
18dc957da9a2769573dc0fdc984fc1b8d442b7954da956fa8792e5794dff0663,docker.io/cvetkovic/dirigent_empty_function:latest,80,tcp,10000,0,1
e1458d21948d4b1830ade67589e644f4b6b8c3758039c06db355c3ea14d098fa,docker.io/cvetkovic/dirigent_empty_function:latest,80,tcp,10000,0,1
0f2c3cf24931485222b1a65d9b538f38d77f6d94c10193af03c17c2fc7e96802,docker.io/cvetkovic/dirigent_empty_function:latest,80,tcp,10000,0,1
1162709b53307c7c7541a90feb7aaead68e1c01af080e8a453d4f39e9c880826,docker.io/cvetkovic/dirigent_empty_function:latest,80,tcp,10000,0,1
e8a9813d3efafbf546f2bb8362f7ddd67099f4e0c8a496f0d4a9d73f3d0808fe,docker.io/cvetkovic/dirigent_empty_function:latest,80,tcp,10000,0,1
c3ca8dd3467a455f4493fd4746b2985f658c0aaa77d6e5265ec9ba47c7874fea,docker.io/cvetkovic/dirigent_empty_function:latest,80,tcp,10000,0,1
89909cd9bc784c2db9cf9bc61298c9b29c9f888b4f5d1564db8d8d4e66ac076d,docker.io/cvetkovic/dirigent_empty_function:latest,80,tcp,10000,0,1
22081deb9dc07b001ac3bce1cc7c9f95e0eee17cdf67d07b3a4672db2484058e,docker.io/cvetkovic/dirigent_empty_function:latest,80,tcp,10000,0,1
94e86d517188d1cb952e57b907016c8c93ea0cbf1e5b0c0cc78fb368a95c5985,docker.io/cvetkovic/dirigent_empty_function:latest,80,tcp,10000,0,1
3193dd03b9015dd8fd94f7ad7f7bd467967f1769e632469d347ab4235d4aa731,docker.io/cvetkovic/dirigent_empty_function:latest,80,tcp,10000,0,1
133fcb56b63eedad0100151d4ab2f26dbef77fbfa6f70dc1ccf1a9d29ceb5216,docker.io/cvetkovic/dirigent_empty_function:latest,80,tcp,10000,0,1
c4286edd1a45e60158f9f52b148f4eaa597e8b2362b127078972e208c85980fa,docker.io/cvetkovic/dirigent_empty_function:latest,80,tcp,10000,0,1
6510121463998126795568bda767a2bd2aca87d6b24ec7fca178273ee23102d7,docker.io/cvetkovic/dirigent_empty_function:latest,80,tcp,10000,0,1
b9386d10c889ce4ca90550f25debd35474be8d8ec0dce2cfaf3824a3276ee505,docker.io/cvetkovic/dirigent_empty_function:latest,80,tcp,10000,0,1
98fd6b2011f67f3c2d93d33b26534d60511254adafc38f7f722929aed31f5ca3,docker.io/cvetkovic/dirigent_empty_function:latest,80,tcp,10000,0,1
9ab63d8b8dc8b59b928896c8386a02a30328cc095ad9ba81fb58e4e1220f3af9,docker.io/cvetkovic/dirigent_empty_function:latest,80,tcp,10000,0,1
15fcc9f267a07593c381008efc422e13b7d3959ca4b9c5173149d1b6d21d9ca8,docker.io/cvetkovic/dirigent_empty_function:latest,80,tcp,10000,0,1
aabdcb4f60e6c190cd24e72a0264b1cd7a3b140731c2b75c08625f1150ec476c,docker.io/cvetkovic/dirigent_empty_function:latest,80,tcp,10000,0,1
7017de4ffed83d70238483df8a219da83506626ad472d22b8cc186fde46530b6,docker.io/cvetkovic/dirigent_empty_function:latest,80,tcp,10000,0,1
4a373eeb7eb2db2f9c3709bf3e7a9eb4d784a78a9f46cb90b8f12db7785a4104,docker.io/cvetkovic/dirigent_empty_function:latest,80,tcp,10000,0,1
34922eb762b2854772b2d4d344443fd2a03da1f6969142bee3e75d2915b61dc5,docker.io/cvetkovic/dirigent_empty_function:latest,80,tcp,10000,0,1
d2c607b2e6b1e21b2472da9a1bb25f9df2240d54502af041c24b9ac3b985ea0f,docker.io/cvetkovic/dirigent_empty_function:latest,80,tcp,10000,0,1
f0d73c5b7d00cafbf07a915d34ac7db4bd97efedfde55793cf4501417b4183c2,docker.io/cvetkovic/dirigent_empty_function:latest,80,tcp,10000,0,1
72a238d035140ed2c566a945a83855224708b330f4af1a20dd293603468bc8ff,docker.io/cvetkovic/dirigent_empty_function:latest,80,tcp,10000,0,1
7c87d3583958455dbd99c8c32d246fa8919b09b03257197dbaa5a638f9f7b927,docker.io/cvetkovic/dirigent_empty_function:latest,80,tcp,10000,0,1
e12b3d9055d4981ed7d5d20992c88502bf1dad19e5366598eb58adb3d9feefaf,docker.io/cvetkovic/dirigent_empty_function:latest,80,tcp,10000,0,1
0c2f8035c5cf0cecc3b34ab65a4cef50d0e07157b26d3663098687e8cf4b7761,docker.io/cvetkovic/dirigent_empty_function:latest,80,tcp,10000,0,1
2d9e47467e3e3d544e4bac73dc953a40b20e49a541e9e4eeb4ae4bdbda715423,docker.io/cvetkovic/dirigent_empty_function:latest,80,tcp,10000,0,1
bb5d90eaa304798c9f993c324397bedc99d3dac24b9d408114fc2d62648e136c,docker.io/cvetkovic/dirigent_empty_function:latest,80,tcp,10000,0,1
b157f6e3c07e54dac4b9bf1d5b74c8e778a48e8456d4dda4a664902df19ed5b8,docker.io/cvetkovic/dirigent_empty_function:latest,80,tcp,10000,0,1
68a2df5ec6551dcc6d7a5ab41abed4e353f9e4355be15587fcec8f1d3194652a,docker.io/cvetkovic/dirigent_empty_function:latest,80,tcp,10000,0,1
176c5763eb7fae00a283deebc6178ef7aa1e4e1ba9f0dd3dc368c6725546e88e,docker.io/cvetkovic/dirigent_empty_function:latest,80,tcp,10000,0,1
c28abc6ce977539b6232a523fdf794de013111eedf984ced25f090a8d8044485,docker.io/cvetkovic/dirigent_empty_function:latest,80,tcp,10000,0,1
8d428b7a90c4908ce1c24b51e183856c095cfd47e45df6fc767523816251dad8,docker.io/cvetkovic/dirigent_empty_function:latest,80,tcp,10000,0,1
0c452a663d8ba4bb9a900f54fc4cf4e75094b5caaf0f8cd0d49bd15d681f01e9,docker.io/cvetkovic/dirigent_empty_function:latest,80,tcp,10000,0,1
08d3e511f0e7a798645a540dc6757c2d69cf3547226f23b451b3cc2b4f0657e2,docker.io/cvetkovic/dirigent_empty_function:latest,80,tcp,10000,0,1
303a9e990008cfc64e2e4d5d9614c74f1860a70d272d7dd16d8d4a685e73818f,docker.io/cvetkovic/dirigent_empty_function:latest,80,tcp,10000,0,1
a4e81eb0af08544a29a70669c01e52c049143bc1b4a57b5aa73e34a0b7c4bb77,docker.io/cvetkovic/dirigent_empty_function:latest,80,tcp,10000,0,1
2aed5e0e2d815af4041e8173ce86c47af7ae78e59b6aab1ab05f02a5ab14e964,docker.io/cvetkovic/dirigent_empty_function:latest,80,tcp,10000,0,1
bdecb9faaca3e382dc15714bd345d2307aff2040fe852f8849b669bfc360e1b6,docker.io/cvetkovic/dirigent_empty_function:latest,80,tcp,10000,0,1
d411d5d861aa57ae255b9b2548f7f3ca070153d3590d3b5cada506a138465320,docker.io/cvetkovic/dirigent_empty_function:latest,80,tcp,10000,0,1
3be3cd5f1f4b16b73569f0f7c6f0305ed5e4467b5579a22f9d07ebc792979cd1,docker.io/cvetkovic/dirigent_empty_function:latest,80,tcp,10000,0,1
2201eecd12cb5a0e595acd63f15889c1420b9a721a964e2a6591b8a6c44bb0bb,docker.io/cvetkovic/dirigent_empty_function:latest,80,tcp,10000,0,1
06b74f44b87dcb9fb97a485707a533f218f13018394673dfaeb392b086424cca,docker.io/cvetkovic/dirigent_empty_function:latest,80,tcp,10000,0,1
21cfd2fdbc635673411fdfa048c9b9db25848b4b18af757b589dfeede4c0f77a,docker.io/cvetkovic/dirigent_empty_function:latest,80,tcp,10000,0,1
1912ce079e6307cc8927fa13972c8367e8eb43808a1d829b41fad551522bf7c1,docker.io/cvetkovic/dirigent_empty_function:latest,80,tcp,10000,0,1
979a6c89dc11d810ffffb01890477d0955c6b562c49e07f2504e7e964104c001,docker.io/cvetkovic/dirigent_empty_function:latest,80,tcp,10000,0,1
ef6feecf46e4070ef1889fe8c835199fb03f003ac94df6e5aca8ca97658670b5,docker.io/cvetkovic/dirigent_empty_function:latest,80,tcp,10000,0,1
a3be8d1b5164a1c51a77dbbc02c2e445695f48689b86b1cc81f34187dc3fcc41,docker.io/cvetkovic/dirigent_empty_function:latest,80,tcp,10000,0,1
a83ddb3654117810f7c750f13fa73343c89adc8d7f8d7a255f316e3137dae490,docker.io/cvetkovic/dirigent_empty_function:latest,80,tcp,10000,0,1
a3cacf8afd79649ed4b8ac16332da5391116431b5630b0362ed2cf359f52932d,docker.io/cvetkovic/dirigent_empty_function:latest,80,tcp,10000,0,1
66146714729515b6c0ec7670785eec78054b75837b60e0f3817a7d1c4e49a48d,docker.io/cvetkovic/dirigent_empty_function:latest,80,tcp,10000,0,1
bc3127850401c4869172c8c1f6a09441fe2172c4d473dc69f622ffebb45b9705,docker.io/cvetkovic/dirigent_empty_function:latest,80,tcp,10000,0,1
6b8118454cee737e7557224e969cc2f597991a5eafa23afb2141a60915158e4a,docker.io/cvetkovic/dirigent_empty_function:latest,80,tcp,10000,0,1
6d4e192d1bc6378da8e19d4b6941dd9b43ef8f28ec2e2a772e392ccf960fba37,docker.io/cvetkovic/dirigent_empty_function:latest,80,tcp,10000,0,1
033cc40c6267c96c76cdbafc12497e0a8fd2565198e1b50c12296298d6f86510,docker.io/cvetkovic/dirigent_empty_function:latest,80,tcp,10000,0,1
ea49dfc732b01e668ede99798c05246d7e8c08014801a2a90f204a1bc904d8c9,docker.io/cvetkovic/dirigent_empty_function:latest,80,tcp,10000,0,1
0e5e817eb5f3c58f6b98b702685413e3f665754821746508a3ee337aa08f1bda,docker.io/cvetkovic/dirigent_empty_function:latest,80,tcp,10000,0,1
209db4a8989a340d552a23961dfbcdd289401a9d448927cdcd10b3030b837611,docker.io/cvetkovic/dirigent_empty_function:latest,80,tcp,10000,0,1
4cf8e731bf7a965ce8407b8ee4af6aa1266c1702a1e1e41eafd4eb6d3728c8f7,docker.io/cvetkovic/dirigent_empty_function:latest,80,tcp,10000,0,1
3fe6d6a1b9dc622f240d152c3f73609b7cb5daffb1fcbd2d3428fc3f2a9f42e2,docker.io/cvetkovic/dirigent_empty_function:latest,80,tcp,10000,0,1
8282c981c1578c76082e2cce748c189038fe82d57fe4529b22db94cbb78a3734,docker.io/cvetkovic/dirigent_empty_function:latest,80,tcp,10000,0,1
dea3b9085ec66874915cca7197ea29bb269e8ca261aa8e5ad69842295f99b0a8,docker.io/cvetkovic/dirigent_empty_function:latest,80,tcp,10000,0,1
2864cfd3fbed5036add04370559803b05811c96fe6786833a20fec3a9d8c9bac,docker.io/cvetkovic/dirigent_empty_function:latest,80,tcp,10000,0,1
57e3664b010291ba5d12b2095b4542e11e511c658a99ba6fbfdfe3e87520969c,docker.io/cvetkovic/dirigent_empty_function:latest,80,tcp,10000,0,1
bacd41897b54d3cd07a307caa00de93451347fd732ed6e8a79604716a205ec00,docker.io/cvetkovic/dirigent_empty_function:latest,80,tcp,10000,0,1
29e58c44ddc87f54899a1207c9f2eb032aac30852fd339a3a8c41e1aa66b830d,docker.io/cvetkovic/dirigent_empty_function:latest,80,tcp,10000,0,1
4d3bf5a92a3318b51949cfc7e826c0875719ddf23db2ba459353c620827d6921,docker.io/cvetkovic/dirigent_empty_function:latest,80,tcp,10000,0,1
03a4fbc60c6ee4dbbc8ede20acb00720c9e7e9ab7d1cc5afdf55d12c8b4c453e,docker.io/cvetkovic/dirigent_empty_function:latest,80,tcp,10000,0,1
f213a5a40bc720b6421eaf353755090ef59b06ae94c030d6296b4861bd23a2db,docker.io/cvetkovic/dirigent_empty_function:latest,80,tcp,10000,0,1
a53b5468300c153b6355f7004d0a39281931bf7fb8c5167420c421a97f886367,docker.io/cvetkovic/dirigent_empty_function:latest,80,tcp,10000,0,1
f3ba4d041995763c747da84fe56923adef6c54041a2a8bfa602135ce2c713ef1,docker.io/cvetkovic/dirigent_empty_function:latest,80,tcp,10000,0,1
a04949fc6198b1bd3753cd2b232f2bea48e0a726080958b6c898b29da9ec979b,docker.io/cvetkovic/dirigent_empty_function:latest,80,tcp,10000,0,1
45f07bfbf51494cbfa328edb08615973f78a5b81ad10846baa71eac0e7ca3056,docker.io/cvetkovic/dirigent_empty_function:latest,80,tcp,10000,0,1
352d36822b5ed562084a8b5a3fcc45517fbf5a323a50fac4cba0bc912d71390f,docker.io/cvetkovic/dirigent_empty_function:latest,80,tcp,10000,0,1
b276b3c2688e982702748aed564851814b7f6e8aabf2c3680ed986209e83b54d,docker.io/cvetkovic/dirigent_empty_function:latest,80,tcp,10000,0,1
ad35f3c3cfb0881688edb25e25b6b33df74b28e49b47558439ee85d0833abecf,docker.io/cvetkovic/dirigent_empty_function:latest,80,tcp,10000,0,1
faee9bc432d641486f3a55ca5bae3297c2b6287ff5cc8a0d241dad0b67d3408c,docker.io/cvetkovic/dirigent_empty_function:latest,80,tcp,10000,0,1
f51bff9835fc7e157eebbe1778586b72cbf840522a2c41e9c8004e0c7509fda8,docker.io/cvetkovic/dirigent_empty_function:latest,80,tcp,10000,0,1
f43010c9d4a92f59604a77d6fd63abceb97065c9ddd9c070d5918a859e8f9c96,docker.io/cvetkovic/dirigent_empty_function:latest,80,tcp,10000,0,1
4edd944bd1c5aad62477683adc2dfff612ce5eac43b7f59a6e75d602c8f31dc5,docker.io/cvetkovic/dirigent_empty_function:latest,80,tcp,10000,0,1
654739233c4b8dcb905627f1c7643913d281ffbb3bb37251f6cb4896ea512e4b,docker.io/cvetkovic/dirigent_empty_function:latest,80,tcp,10000,0,1
2e3b56739b2f9a9ff57f60a29340ab48aef6b7f15962b991c850b41061b1f0f9,docker.io/cvetkovic/dirigent_empty_function:latest,80,tcp,10000,0,1
6a97278ed89442895383484fa6638e7859fd231963f8267f8ed64966736ebdca,docker.io/cvetkovic/dirigent_empty_function:latest,80,tcp,10000,0,1
9e384e3876ba35f56dc61a2f054612466438ab2eb5b37764d59b7c7bd5b472a6,docker.io/cvetkovic/dirigent_empty_function:latest,80,tcp,10000,0,1
a47227d314f27a5d8d23f1db3fbf9529a64aceb0cfd698f4d68c2dbfb7e61b38,docker.io/cvetkovic/dirigent_empty_function:latest,80,tcp,10000,0,1
645fbb1414df9cde8dab978cc3a6e113c915c17f7d0ee131f9fb99b859ecaad7,docker.io/cvetkovic/dirigent_empty_function:latest,80,tcp,10000,0,1
53b62bb5314761a71a3bf91e3d3885fb3205e81ce953dd7922986982d0780c4c,docker.io/cvetkovic/dirigent_empty_function:latest,80,tcp,10000,0,1
80035c83cd9ca419428643d18c5484d60227d58967ce5109894dbd4a2774656c,docker.io/cvetkovic/dirigent_empty_function:latest,80,tcp,10000,0,1
94cb1e4eefa43fcd0c9750821f3eb16149af27ecf271f67fddb25fd437cfe465,docker.io/cvetkovic/dirigent_empty_function:latest,80,tcp,10000,0,1
3beb63956130d4bf9d5fad6863b020e217830c33d95f61c4b4d7e1d900ac91cf,docker.io/cvetkovic/dirigent_empty_function:latest,80,tcp,10000,0,1
0746e688cb223aaa2d728e054f34b3e6b64604a0ed3675c1707e0222141cd363,docker.io/cvetkovic/dirigent_empty_function:latest,80,tcp,10000,0,1
acec129dbdd1f120f56d7ba2b05f7b66ace43a823833948d4c93e9994aacf2ae,docker.io/cvetkovic/dirigent_empty_function:latest,80,tcp,10000,0,1
5aa6a996ddcd8adf40e0fa177d52dce2d7cd958b244d16858d041329abd5331c,docker.io/cvetkovic/dirigent_empty_function:latest,80,tcp,10000,0,1
35972f99dcd9fd5173827501152072ec63128e572c6149b4765993eece4fa43e,docker.io/cvetkovic/dirigent_empty_function:latest,80,tcp,10000,0,1
8b99ea79d53c3f4e0bf9a59ec6bbe9597ec26bcaa042360e15e6e66308511972,docker.io/cvetkovic/dirigent_empty_function:latest,80,tcp,10000,0,1
245320441c0f2786254a134702930d66522ce0b8eac8233f7f4e5a97c76020c4,docker.io/cvetkovic/dirigent_empty_function:latest,80,tcp,10000,0,1
9d91885069480be8a7b66061639152178f530b4e77918bb230abc0be6ce4c6f9,docker.io/cvetkovic/dirigent_empty_function:latest,80,tcp,10000,0,1
348eec94fd760d5029ff80711293ded0ed5720ec68e4cc94b179cd1585e7a818,docker.io/cvetkovic/dirigent_empty_function:latest,80,tcp,10000,0,1
729e1d913330ff63a8fe04444a9b06191c34e192edae52a406bf4ee2f4049402,docker.io/cvetkovic/dirigent_empty_function:latest,80,tcp,10000,0,1
cae3cee5e30c1220eba01551d44c768e0680128eeada4f8d010ae8b8886170fe,docker.io/cvetkovic/dirigent_empty_function:latest,80,tcp,10000,0,1
b892212ec7272ff8f3242d7e6b04283c9178e8c5d5e6ed27c852903ed001432b,docker.io/cvetkovic/dirigent_empty_function:latest,80,tcp,10000,0,1
a2e9997ef0e1a7b47fa4b5021350445a37e9214c6a331495a76b465776aa604f,docker.io/cvetkovic/dirigent_empty_function:latest,80,tcp,10000,0,1
8c7dc254bf27d836fe19eca2cdc442e31a8deff63b9c0e38d46a15ebb1a68dd5,docker.io/cvetkovic/dirigent_empty_function:latest,80,tcp,10000,0,1
81bc01009a56d580bda061495774d748b298cc9de8d39516950bd4aefd0b8479,docker.io/cvetkovic/dirigent_empty_function:latest,80,tcp,10000,0,1
55cb2f4e6809c7a2709a86c34e5921dc4a36e094171bbe48707caf61e7a763b6,docker.io/cvetkovic/dirigent_empty_function:latest,80,tcp,10000,0,1
bd5ee3b120e6119974361485af3f5a01832f99aaed5b333eb2a823d8063e57a3,docker.io/cvetkovic/dirigent_empty_function:latest,80,tcp,10000,0,1
4d0d92a12653794f1df8df4e3cc889d8fb980110262af83c38dacd994b95219f,docker.io/cvetkovic/dirigent_empty_function:latest,80,tcp,10000,0,1
895b38d2e3b8ce0df2347d36849586c31f722a2966b33054e2568bc2b79cdc8a,docker.io/cvetkovic/dirigent_empty_function:latest,80,tcp,10000,0,1
1d8c737c58c49a76190042247f581bd276cf26f5c4d904aec29c3a0721ccf5d0,docker.io/cvetkovic/dirigent_empty_function:latest,80,tcp,10000,0,1
1d3cdd706f873fad9971eed95082fdc5bd5fd9ea7335825c0846ebf346bafd20,docker.io/cvetkovic/dirigent_empty_function:latest,80,tcp,10000,0,1
a3769e80a681572b550feea3c1c82a1063ddea65854b09ea8d8a91fde801e15b,docker.io/cvetkovic/dirigent_empty_function:latest,80,tcp,10000,0,1
b93f866096cb5ed7ca770ead1b7bd5bb00bd01257725b0d3288e48ad3ddcf38d,docker.io/cvetkovic/dirigent_empty_function:latest,80,tcp,10000,0,1
609a00e94af8ad2c3c7683d0a7453324d1ba1bb86a2b2151fc3629e1c76cf336,docker.io/cvetkovic/dirigent_empty_function:latest,80,tcp,10000,0,1
3e2b4ea8e17ac474ae15fece6fb55caf2742bd4a62b296aaa8745335558926d0,docker.io/cvetkovic/dirigent_empty_function:latest,80,tcp,10000,0,1
c65261be20974075f324fef973c971663e057f902eaf8e3b8001cea0778ca437,docker.io/cvetkovic/dirigent_empty_function:latest,80,tcp,10000,0,1
c85e30a056d2aace8cc3cd018a20d354114662e858a3a058f16fc354e15dc12d,docker.io/cvetkovic/dirigent_empty_function:latest,80,tcp,10000,0,1
2a2c2a8f7a8c67c00e4ea7fc38e0fcb2ceeeeda4a4611c7211a05e11c0f51eaf,docker.io/cvetkovic/dirigent_empty_function:latest,80,tcp,10000,0,1
0dd6706fc393424eb19064c494dc61686ddd6bb2f9ef1ea64b11e5e0fd0973a3,docker.io/cvetkovic/dirigent_empty_function:latest,80,tcp,10000,0,1
1e14c77d56d77ab55456575c99e479df9a169d8174cc8a7e3cad490f33c8ec6b,docker.io/cvetkovic/dirigent_empty_function:latest,80,tcp,10000,0,1
1d869207a9d865a933ad59bb8108b086b01e4e2c6e681eeac78a4c835e4562c2,docker.io/cvetkovic/dirigent_empty_function:latest,80,tcp,10000,0,1
a1925b5b876a43f6a05a9d8dcfad1e981a2f165410f3d29476d04d26a3720771,docker.io/cvetkovic/dirigent_empty_function:latest,80,tcp,10000,0,1
5a4c8cbfa77a4cc7ac1a3070ce9e0c84915a56aec0b7cce9fbad1bbb795ae41d,docker.io/cvetkovic/dirigent_empty_function:latest,80,tcp,10000,0,1
9fc3d1416aae6cc2ecfad6133d595f9a03d685fe768a2f9804f9b2caa98d5497,docker.io/cvetkovic/dirigent_empty_function:latest,80,tcp,10000,0,1
027464026fd4b655bae6af6a18e89d5f83926f120144f88ea2fa7d81feecb86c,docker.io/cvetkovic/dirigent_empty_function:latest,80,tcp,10000,0,1
5f281be440cb708f6b193608d2f9c4cb3e6c6bf3af3da5080aa0bea9540eae2c,docker.io/cvetkovic/dirigent_empty_function:latest,80,tcp,10000,0,1
29ae7040c30975a35d8643a3624c55123c43830d5ad09cb3f1ff575b68dd1a11,docker.io/cvetkovic/dirigent_empty_function:latest,80,tcp,10000,0,1
ecb1e0bf4702b9571499d3c1365b148cb7137fdf061ae3c3116b2e99a880a8c2,docker.io/cvetkovic/dirigent_empty_function:latest,80,tcp,10000,0,1
5733dec8517851767fa23d740bd9abdf284df4fa4286087213c24a2cfe95786d,docker.io/cvetkovic/dirigent_empty_function:latest,80,tcp,10000,0,1
facd937edf501c810486f79133781c5cf827bd93440c506bcf697052d3816b63,docker.io/cvetkovic/dirigent_empty_function:latest,80,tcp,10000,0,1
4a5c888f5b5cdb21d7c115b109cc9441b70abe8df42ec44c92c0d129412d302d,docker.io/cvetkovic/dirigent_empty_function:latest,80,tcp,10000,0,1
688d41f4e32dd96b857a9eb597693134e3e18a05295f4957fb9d0eb0fb959f98,docker.io/cvetkovic/dirigent_empty_function:latest,80,tcp,10000,0,1
8227d9f3c28e8ebe2ba23d68bf684be70e496146f3b3786dc4d5361f0830694c,docker.io/cvetkovic/dirigent_empty_function:latest,80,tcp,10000,0,1
76f53d7090ce180ed711ea35785cdf065629164d5a816d22577e142ae8fd650d,docker.io/cvetkovic/dirigent_empty_function:latest,80,tcp,10000,0,1
b5cbcf3294f4f2d0923f591a11094e2aaf0787ceff68f7baa64c71e047505b37,docker.io/cvetkovic/dirigent_empty_function:latest,80,tcp,10000,0,1
92afca8ef079e6f967a615f88296b610f79ea1d7d86231d02a79c8b8df084e8c,docker.io/cvetkovic/dirigent_empty_function:latest,80,tcp,10000,0,1
003cff1da1d7b28cea2566203126443c50c676915b548789ac8161fa4509f1a2,docker.io/cvetkovic/dirigent_empty_function:latest,80,tcp,10000,0,1
444104e8d95326c72bc3474aa83464a80aa68220aee0937c77643b6e9859dcf5,docker.io/cvetkovic/dirigent_empty_function:latest,80,tcp,10000,0,1
50af060bb2bf7e3eee58a6bf433b2f1e94bf0f8fea754fb56b94952c24303151,docker.io/cvetkovic/dirigent_empty_function:latest,80,tcp,10000,0,1
d5d1c1e2ea19185390d01911145a2d03cc9466b44c77e045da41202dc71c7672,docker.io/cvetkovic/dirigent_empty_function:latest,80,tcp,10000,0,1
af58472b033ffca89b46fb75285a3aebd98a9855b427a574774e57cddf30000a,docker.io/cvetkovic/dirigent_empty_function:latest,80,tcp,10000,0,1
fd6f7f10a1f24541e94b07a9ba0279bf27c21a4a7298acd96c3e314327d3af87,docker.io/cvetkovic/dirigent_empty_function:latest,80,tcp,10000,0,1
17da503d5ab2858a3818bf11cb750c14d0f1015c67021dbf2e6f60a8008282b5,docker.io/cvetkovic/dirigent_empty_function:latest,80,tcp,10000,0,1
8ed888b7b96eb93716a7130316225e78a2a73fb35665608d18ce41d35f432fcc,docker.io/cvetkovic/dirigent_empty_function:latest,80,tcp,10000,0,1
d3ec2eac0913697228f073b3a50c5732a17e97f3eeda928d58180d0ffeba437c,docker.io/cvetkovic/dirigent_empty_function:latest,80,tcp,10000,0,1
72e49b1df6e71b0ca5843dc672d7177c81f5e68f43256019763b5c127f0fde70,docker.io/cvetkovic/dirigent_empty_function:latest,80,tcp,10000,0,1
4bffd5372332a8cf6c0b8bc70959a04862f5f2180c7c21bccb8fe0853f13f907,docker.io/cvetkovic/dirigent_empty_function:latest,80,tcp,10000,0,1
c97db202a92e658b59b431a7bca7bb3e75611023ca9a77c8fb598ad36c0991bb,docker.io/cvetkovic/dirigent_empty_function:latest,80,tcp,10000,0,1
ae592310882ae05ab0e3a5a665ac8dea65e8c38081ac2ecceffc7040fdccc117,docker.io/cvetkovic/dirigent_empty_function:latest,80,tcp,10000,0,1
909aeb5bf0e6817f32b51b1c8e7a8510a4fb5734d444166471ec1f0e5a836706,docker.io/cvetkovic/dirigent_empty_function:latest,80,tcp,10000,0,1
ec23cb456fae66b77a0761e6b98ce19a5cd72cc5540150aff0411b099ff7824a,docker.io/cvetkovic/dirigent_empty_function:latest,80,tcp,10000,0,1
a51faa216bd01d266ea03cafed5441b894ef43d347c93e082b3af1deb9848dce,docker.io/cvetkovic/dirigent_empty_function:latest,80,tcp,10000,0,1
f10e1f2361bc450c1ef608c0b1698e37294d4228a616fbe50bc8c98c98914eed,docker.io/cvetkovic/dirigent_empty_function:latest,80,tcp,10000,0,1
a699dfe0ababa957d7205e4275440fdf7d28ba0b91bc4fd2e69240aace39b81d,docker.io/cvetkovic/dirigent_empty_function:latest,80,tcp,10000,0,1
5e67b86e12d3d5774e98ba0a349d72121d643b4ade91fd445e86aabc2e587141,docker.io/cvetkovic/dirigent_empty_function:latest,80,tcp,10000,0,1
1ee2b80a0aea150847571e39811b14a10b43302d069f3bc84405a516cd044750,docker.io/cvetkovic/dirigent_empty_function:latest,80,tcp,10000,0,1
4ddad7929efb4a433c8c81d10b9b9d1d67135ec44b29bd7bdd8e14551b463727,docker.io/cvetkovic/dirigent_empty_function:latest,80,tcp,10000,0,1
360dac9b760c93653ecc4b71b8ffd939675cd94ec3954150b46e13047b0c3550,docker.io/cvetkovic/dirigent_empty_function:latest,80,tcp,10000,0,1
14c60597426e0ff853efe37894b932d49b8cb321fc57333ca1a2cdd60fdb09ec,docker.io/cvetkovic/dirigent_empty_function:latest,80,tcp,10000,0,1
a40542cc3c6d41f3a1b790a02612726cbc1407fdfe3156df33a987cba62ae30c,docker.io/cvetkovic/dirigent_empty_function:latest,80,tcp,10000,0,1
69cb611ea683e4fec61736150369ce61bd73e419b9000f0ce78082bb69afec16,docker.io/cvetkovic/dirigent_empty_function:latest,80,tcp,10000,0,1
f638be87193bf5cdb69cfc4f5621b247a44dcea063804b673f408fd16197e2de,docker.io/cvetkovic/dirigent_empty_function:latest,80,tcp,10000,0,1
e873b9a80046c9095fcaf90c89fab2229ed56c6d4c0757c0ab160bbd7d735c2f,docker.io/cvetkovic/dirigent_empty_function:latest,80,tcp,10000,0,1
6ef2ac0cfa2203e695a2700347c12a8dfee35d3b5a4f86f97b27650cab371d6f,docker.io/cvetkovic/dirigent_empty_function:latest,80,tcp,10000,0,1
3013aa5c97d74d4493c83684bc197b050b4b4f5426ec2e6fe859d86053b664ad,docker.io/cvetkovic/dirigent_empty_function:latest,80,tcp,10000,0,1
02a2f14cc8ae01387b061e0b75ad9e0c908c92d2f74fb6053cea646aa79002c6,docker.io/cvetkovic/dirigent_empty_function:latest,80,tcp,10000,0,1
09aec0fe39f84b7bc95f66961f96d71389af9584fab1d051093609cbb51c701f,docker.io/cvetkovic/dirigent_empty_function:latest,80,tcp,10000,0,1
ff45592b7e44f9c4234634fdbd44e92e92f8ba4fbcb7a22960c10600b72cf7a6,docker.io/cvetkovic/dirigent_empty_function:latest,80,tcp,10000,0,1
a69212e0ce749ee6a3bbe898c4d87df5dd4654435b09f0f2538d90c77e7a02df,docker.io/cvetkovic/dirigent_empty_function:latest,80,tcp,10000,0,1
5d2283a39c492cd4feafecf82ba75afd3831030bb394d57b28659ab190b40b1c,docker.io/cvetkovic/dirigent_empty_function:latest,80,tcp,10000,0,1
9774e58033210fabd92b4087ae848b7e5edb9650b97b5dd2aa490109ca16e290,docker.io/cvetkovic/dirigent_empty_function:latest,80,tcp,10000,0,1
4ce9319ebc2ced61f0810357dfbbdebae0318878cf1bca5abc27ab7381a6bbfe,docker.io/cvetkovic/dirigent_empty_function:latest,80,tcp,10000,0,1
0e01c2e3da9171cad631ae7d55fd447ea64f1c5df2ed181e1eba3a4194ce0bb8,docker.io/cvetkovic/dirigent_empty_function:latest,80,tcp,10000,0,1
50397758760102212223d726d6d29e8d0fcc211883c2851c17f55df7592fb811,docker.io/cvetkovic/dirigent_empty_function:latest,80,tcp,10000,0,1
9bb3db87889db6938a7a3532a4fca84d5a2b305d2c1cdfea84c66a8fbe4bb267,docker.io/cvetkovic/dirigent_empty_function:latest,80,tcp,10000,0,1
83b0eadd481f7147a9e714e54220a53ffc47144c751c38296cd3c5a3cf41a7d2,docker.io/cvetkovic/dirigent_empty_function:latest,80,tcp,10000,0,1
ea2089a43a35996fdcccb55a66c1d4f7e73a43c6ab4ef003a7ac9bc080112efd,docker.io/cvetkovic/dirigent_empty_function:latest,80,tcp,10000,0,1
199e3fbbb2af1b53d76f6dfbb405d8ef6643d7220a6039bf069fe1da67376d55,docker.io/cvetkovic/dirigent_empty_function:latest,80,tcp,10000,0,1
ebdce0c101c15bced543941855793f9d3ed13d0ec44217f39bde413e326d8b3e,docker.io/cvetkovic/dirigent_empty_function:latest,80,tcp,10000,0,1
f8158373194164fc7800026f0c9af66c251a1091179ed42c203832efe46f0268,docker.io/cvetkovic/dirigent_empty_function:latest,80,tcp,10000,0,1
34c2db012de1a12cc5ef4d6c4057bc31ccf145e3847204bfdb9956171a8c1a0c,docker.io/cvetkovic/dirigent_empty_function:latest,80,tcp,10000,0,1
906c9829b5dcc97f321f9a1a55098ed1fdcefcb5530179804e9468538a572a11,docker.io/cvetkovic/dirigent_empty_function:latest,80,tcp,10000,0,1
5cda3a27d37805054f1dd08950b9e504820c866e33753e5b2f318f681e2a49f6,docker.io/cvetkovic/dirigent_empty_function:latest,80,tcp,10000,0,1
1f320f73dda10d86ec5bbf4dec9727ff5a19dcc1c293e20d2c619650a2495d83,docker.io/cvetkovic/dirigent_empty_function:latest,80,tcp,10000,0,1
6bf6f6fd32aa772bf54c6dd31d8005a286ca88ef2b59a6913c0047ea01ae8d55,docker.io/cvetkovic/dirigent_empty_function:latest,80,tcp,10000,0,1
b2d9a1d08bd177f878cae69709e978ac4571d9402aacb1769cc2e07d8d0e72e8,docker.io/cvetkovic/dirigent_empty_function:latest,80,tcp,10000,0,1
a3ce6f5624173b822974754d878ac653675e10a3d857c18d4aba95ae16ad3d54,docker.io/cvetkovic/dirigent_empty_function:latest,80,tcp,10000,0,1
c319389f6c39ec3c86e03259c817e14477204804156ced7c12bafaaac45a1d36,docker.io/cvetkovic/dirigent_empty_function:latest,80,tcp,10000,0,1
1992918c23cc92244ef4a1efabbf23ab28abe05bf37658eec9af9232d78e0939,docker.io/cvetkovic/dirigent_empty_function:latest,80,tcp,10000,0,1
775631293020cc88fd0640a574bae6d114ddc89a3be930d7cf634f0c1d37e539,docker.io/cvetkovic/dirigent_empty_function:latest,80,tcp,10000,0,1
405cf966869e1b6deec712d20636b92d560209b7714b9e37049a5ef860e92638,docker.io/cvetkovic/dirigent_empty_function:latest,80,tcp,10000,0,1
ed2ad848c414646d52472641771b333468f03347bacfa283c276acb3b0fe4c40,docker.io/cvetkovic/dirigent_empty_function:latest,80,tcp,10000,0,1
67e90b7cbecf59f9c2eee989faa267539e344b044353a3e929b91f96fbd07deb,docker.io/cvetkovic/dirigent_empty_function:latest,80,tcp,10000,0,1
806ddc6e7b9e5bd66aeb795c41d42f4964f90be698dd41e7a48ddd724c6d4a91,docker.io/cvetkovic/dirigent_empty_function:latest,80,tcp,10000,0,1
370bc8c52552d1d380eb668fcf3312392b56585ca09a0fef860d02310325ff7d,docker.io/cvetkovic/dirigent_empty_function:latest,80,tcp,10000,0,1
8b62f11ef8add05116bcc211d5b0605d2e16825f92ed60af2391a7af9247c7c6,docker.io/cvetkovic/dirigent_empty_function:latest,80,tcp,10000,0,1
de986bd73a9f8369295ff9a13268cdbba34e1fcd9091895af355800670736977,docker.io/cvetkovic/dirigent_empty_function:latest,80,tcp,10000,0,1
6e155b9f0148dd8d8ad6154a47f45584669aa8b843123b9033561a35b26bfb92,docker.io/cvetkovic/dirigent_empty_function:latest,80,tcp,10000,0,1
5988f040af24f24b6a75885695447dbd734e4f225037a97932affa788da5402e,docker.io/cvetkovic/dirigent_empty_function:latest,80,tcp,10000,0,1
9e200ded95048c934d4d524943f194d6f1beeaf5f4db731b08fe1d774088fd4a,docker.io/cvetkovic/dirigent_empty_function:latest,80,tcp,10000,0,1
356fb240eee5a79d78a8b70e13e377847c489b5791627fa7014624041b9ac409,docker.io/cvetkovic/dirigent_empty_function:latest,80,tcp,10000,0,1
4ed767b77f233ac4c7f8f970e4e41d17852061a35655be7f457cc0de3420a66b,docker.io/cvetkovic/dirigent_empty_function:latest,80,tcp,10000,0,1
727e18875960008ed8a7fe3ba2543cec2308fd4e412c04afbf12811beb30ed65,docker.io/cvetkovic/dirigent_empty_function:latest,80,tcp,10000,0,1
b9226e5e4153be38c56eb544a3933ec6718218660987db13928442e3ce5ef6ab,docker.io/cvetkovic/dirigent_empty_function:latest,80,tcp,10000,0,1
c7ae7219fe40cfe4bbb30c54a37d92fdf4c56628d55a05c7bed23870e07d3ed1,docker.io/cvetkovic/dirigent_empty_function:latest,80,tcp,10000,0,1
b6423e53fe32c38c99f26d3f0a420411c2ea1b29049989d251307775e4aa945b,docker.io/cvetkovic/dirigent_empty_function:latest,80,tcp,10000,0,1
8026030da91dcae24edf7a8a072271b7884317bf15020d9336b3c7bc0470e145,docker.io/cvetkovic/dirigent_empty_function:latest,80,tcp,10000,0,1
ebf4777f39f4ab1abab24059c5e8629dbb002553708028edfa0b84b0df4bf9e8,docker.io/cvetkovic/dirigent_empty_function:latest,80,tcp,10000,0,1
f9df3a829f86f7e70ed1a5fc51bad76d37d6d58a4bfe8369a57b55179ac86430,docker.io/cvetkovic/dirigent_empty_function:latest,80,tcp,10000,0,1
71e479d28098974f78c7b1d903de9f0c85b93229cd6fd968a0dfe07c15f16b1b,docker.io/cvetkovic/dirigent_empty_function:latest,80,tcp,10000,0,1
0c0c478de9a3c2ff59c9ca2cbe986e4965824ecfaee1d73b975b8d857ec0674a,docker.io/cvetkovic/dirigent_empty_function:latest,80,tcp,10000,0,1
aad6dc309bcdfb0ea646054837f9a268f206507f97ac3e0cecb08122b077adbd,docker.io/cvetkovic/dirigent_empty_function:latest,80,tcp,10000,0,1
6de5b4a582ac4d95533b8ab52763a92c5935d5eaad1370156327b54ba6885191,docker.io/cvetkovic/dirigent_empty_function:latest,80,tcp,10000,0,1
d44306eb78421de24c0103154c69a0fe17f38b2a1411f8baa7a9c1cc6021ccf2,docker.io/cvetkovic/dirigent_empty_function:latest,80,tcp,10000,0,1
7508681eafa872ab57bbfa700175c57cb5fe22ea734d2a3c2e0a1f05c0d35b7b,docker.io/cvetkovic/dirigent_empty_function:latest,80,tcp,10000,0,1
83e55e49af8cc4f2eee59ce3d2391d89e0bfa32c94a1e6f33326e938054cd743,docker.io/cvetkovic/dirigent_empty_function:latest,80,tcp,10000,0,1
4f11cf2735f55a216cd28fecaf7bc2d1229611279e568d0d3cfb08b77c533f78,docker.io/cvetkovic/dirigent_empty_function:latest,80,tcp,10000,0,1
d6c64f376d99c002563ffd4a14e68b6ceabafe5d6c8cfed72c0214cedede0ed9,docker.io/cvetkovic/dirigent_empty_function:latest,80,tcp,10000,0,1
8c2196e249426add947453cf7695d844654ae3a97a4dc37ff6ab338e39074686,docker.io/cvetkovic/dirigent_empty_function:latest,80,tcp,10000,0,1
19ff8990b9a22135d87f49b5785aca4b09b2894ae16077a7b330ee21a27b9090,docker.io/cvetkovic/dirigent_empty_function:latest,80,tcp,10000,0,1
1f0c44c6bb4a3e7a6753fe5c2364dafaec2c61ba02faed931819a1c7a5b4cc35,docker.io/cvetkovic/dirigent_empty_function:latest,80,tcp,10000,0,1
cf4084f1e7c9a00703361da29298a10c46f3af5483a61af1d00fbd94d44f75a5,docker.io/cvetkovic/dirigent_empty_function:latest,80,tcp,10000,0,1
c780039a63dc129af20ccab6044c4644d2c23a700f2c0594035baeee53f82abe,docker.io/cvetkovic/dirigent_empty_function:latest,80,tcp,10000,0,1
81f4b1848f9a62ffa257d68a779da9bca87a8620720b1c23c5ed4a72e03138dc,docker.io/cvetkovic/dirigent_empty_function:latest,80,tcp,10000,0,1
efdd961ed551599e7fa97bc2764e2fc38d9de44be31d4290c38fb9c89f7d8918,docker.io/cvetkovic/dirigent_empty_function:latest,80,tcp,10000,0,1
32f78359fdddbc71156aa01f9a50337f94d3415741ff3b314ae96b19e885009a,docker.io/cvetkovic/dirigent_empty_function:latest,80,tcp,10000,0,1
a2774052aea77b62e81b669129b3342008eaec20a1c318e7ef242094b6f1c3fd,docker.io/cvetkovic/dirigent_empty_function:latest,80,tcp,10000,0,1
8c0505ed9f698845786f1a4253afa7dfdea182962fe79b94871b5e452c1d880f,docker.io/cvetkovic/dirigent_empty_function:latest,80,tcp,10000,0,1
99088d4af37b80b854b54054d928aa21bc2fe18b5d051613d0125cc04540e1c2,docker.io/cvetkovic/dirigent_empty_function:latest,80,tcp,10000,0,1
36612de2b72eea3f3674a454926517a7ee90bfa6a61dbe05bb2d0fd7914c6108,docker.io/cvetkovic/dirigent_empty_function:latest,80,tcp,10000,0,1
b72b3697c79f95ee116d23ec35229c551930fb4a0243c02b3e74d56581c0b334,docker.io/cvetkovic/dirigent_empty_function:latest,80,tcp,10000,0,1
e8c916844dda8d97798dee84315a219e0a4ec145773251473d8e562ae902907d,docker.io/cvetkovic/dirigent_empty_function:latest,80,tcp,10000,0,1
fe89f94ce8add565e219f501d8bdbb75d92b37e59c62905f50a38e2558bf242c,docker.io/cvetkovic/dirigent_empty_function:latest,80,tcp,10000,0,1
91af80a966c0c568ae7ade94d52788f796fbca2dc0db168da861642a19550d84,docker.io/cvetkovic/dirigent_empty_function:latest,80,tcp,10000,0,1
732bffa3af390763564db9692ead0132167135e40a0822a83708091ab3776943,docker.io/cvetkovic/dirigent_empty_function:latest,80,tcp,10000,0,1
f2dcefa1114209559ccde452cc6f512925b8d7f2a21b94cb8172f23d77452f75,docker.io/cvetkovic/dirigent_empty_function:latest,80,tcp,10000,0,1
7d43757a7ab91f11a85be0fb267ac5e38952a978c2973fae9bec44a1113620f2,docker.io/cvetkovic/dirigent_empty_function:latest,80,tcp,10000,0,1
da19379b668d652e22d0dc42c4a89db2ac129cca1ffdbedf0e270abc40498a81,docker.io/cvetkovic/dirigent_empty_function:latest,80,tcp,10000,0,1
569a191177aecd8c32b6b25ef674e0e8cb3c34157225e74ef2308141e1b5b0cb,docker.io/cvetkovic/dirigent_empty_function:latest,80,tcp,10000,0,1
12b5d9437d21345072ec462a83a503ff1dd7f4daebdd0252c6312b78fbade0c8,docker.io/cvetkovic/dirigent_empty_function:latest,80,tcp,10000,0,1
59ddc58071316614ec3e28d2125c0eda1d6d583a74a3f27d09da723d9d8c5489,docker.io/cvetkovic/dirigent_empty_function:latest,80,tcp,10000,0,1
9570ded80dcd4f0721cb9a258b8367a7ef8fde24b0a822b202f7bf082b8fdc4c,docker.io/cvetkovic/dirigent_empty_function:latest,80,tcp,10000,0,1
52deb7d26827070c21a1ad26f95195d925bff1d9232a0c49654597aaef2125c5,docker.io/cvetkovic/dirigent_empty_function:latest,80,tcp,10000,0,1
70916f27ab4dc9c4f3b7c981999512f42b2bf1af35976c7303a5dc80702ad01d,docker.io/cvetkovic/dirigent_empty_function:latest,80,tcp,10000,0,1
fb742aa60b9281da3318b69003a0b6632f073f920580b796a8ac6af0f9ac8eec,docker.io/cvetkovic/dirigent_empty_function:latest,80,tcp,10000,0,1
755ee32cb9c1fb8870d35c53c577b83f101c599bc548b7fca4e0089298e9ed98,docker.io/cvetkovic/dirigent_empty_function:latest,80,tcp,10000,0,1
96ec74ec75769bbccf836d2a18e6f82af22e88a5c92b88eee7ca37fac2e60c17,docker.io/cvetkovic/dirigent_empty_function:latest,80,tcp,10000,0,1
b3457fc90a76f1d316e2f77943edad8d7d568c9024860bb8c3e8c94521b7e116,docker.io/cvetkovic/dirigent_empty_function:latest,80,tcp,10000,0,1
a5f1b04d630a5198906460471ac3923985cc48c016e29d3190435756873de767,docker.io/cvetkovic/dirigent_empty_function:latest,80,tcp,10000,0,1
5c75303c429e6bae20e026fb273313d154177d93d46044186b39719a1deada28,docker.io/cvetkovic/dirigent_empty_function:latest,80,tcp,10000,0,1
076528fff003e06ef4c4719045eda82c39eb7a2d09612f368ce8abb1ee26d830,docker.io/cvetkovic/dirigent_empty_function:latest,80,tcp,10000,0,1
1f7e09a2116585b67199df459edfb2f2c7c246ea52d89eaee9d89bd08f814d1e,docker.io/cvetkovic/dirigent_empty_function:latest,80,tcp,10000,0,1
1c773313cf2515645bb1dddeed5737eccc2a31630e2722bc478854654ae5fa9a,docker.io/cvetkovic/dirigent_empty_function:latest,80,tcp,10000,0,1
c2db6b1897d1f6b80e8bd6fdaa1a30c9ab2d881ead737c9f2c3b0a0a7d711c12,docker.io/cvetkovic/dirigent_empty_function:latest,80,tcp,10000,0,1
f946b2b4ddedf392b215b06938706bf1e9e1671e2d201c003dbe8cda408bd8eb,docker.io/cvetkovic/dirigent_empty_function:latest,80,tcp,10000,0,1
39f31ac73892af0947487377d1ec3b4022ab3b96725e27cb5b3781e29c2ccedc,docker.io/cvetkovic/dirigent_empty_function:latest,80,tcp,10000,0,1
71addb3097b80787a7c4364684e0c9dc3aa83b06a2b935dd0475a4f83f9e18f2,docker.io/cvetkovic/dirigent_empty_function:latest,80,tcp,10000,0,1
e8341cef3d843505037532d2437f9f2bdd41dd3b593bac578fba82283fb580f2,docker.io/cvetkovic/dirigent_empty_function:latest,80,tcp,10000,0,1
6762fcdd323dfa497a88bbb245e42de242f5050ba6f10a3082cbe2506044f958,docker.io/cvetkovic/dirigent_empty_function:latest,80,tcp,10000,0,1
e34caf1138b2a84465d671f27d30fa3804f7a92730af17752d1ff736f4eea56e,docker.io/cvetkovic/dirigent_empty_function:latest,80,tcp,10000,0,1
17ffbd427de8a2e82ce6e9dd4a5fb2be20813efd107550b5f6822f7408ae67dd,docker.io/cvetkovic/dirigent_empty_function:latest,80,tcp,10000,0,1
34a9d61a048c6fe41ea38f60b8561708092b02d5d883c9bb5dc8f7b19b60f588,docker.io/cvetkovic/dirigent_empty_function:latest,80,tcp,10000,0,1
5c66fd258058ec458176680f6839b16221af870530d62fd9942efd7bffe13edb,docker.io/cvetkovic/dirigent_empty_function:latest,80,tcp,10000,0,1
7f2c31d10e97940d28e61f4d5a3194fdfa9fe5a32f92bdb5cce536679287aad3,docker.io/cvetkovic/dirigent_empty_function:latest,80,tcp,10000,0,1
f65e8cd48406d26161b5200a3d5a6e9d718d501bb2b19a76629b30f3977fe655,docker.io/cvetkovic/dirigent_empty_function:latest,80,tcp,10000,0,1
9c80ba1d8609b36d48776e2fd78ae9ae159efc8b2625f88541d6229c174a6570,docker.io/cvetkovic/dirigent_empty_function:latest,80,tcp,10000,0,1
1156fc67d0592bd7c1b52fa36aa2eb2801d9e96c656e9ccfd5496ea27a9701fd,docker.io/cvetkovic/dirigent_empty_function:latest,80,tcp,10000,0,1
8b65538c8fa1785f2a082c0f45a622c3ffb530207adda217f41d23ae6bf044fc,docker.io/cvetkovic/dirigent_empty_function:latest,80,tcp,10000,0,1
2dbde54816135951af9934805d392cfde19e27ac6092d30c27c94fc04730ee48,docker.io/cvetkovic/dirigent_empty_function:latest,80,tcp,10000,0,1
372b3eea78bd5d7abcfdf9f56cb879f734b1f94051e7dfc651c556e34b149fd4,docker.io/cvetkovic/dirigent_empty_function:latest,80,tcp,10000,0,1
a5eca3056de674bca564ace38a374044715436e60828b6a5f38661a625dc70c6,docker.io/cvetkovic/dirigent_empty_function:latest,80,tcp,10000,0,1
6116ecebb450055e622e518049e723800a7013fa56cc820a30ccfdf724700485,docker.io/cvetkovic/dirigent_empty_function:latest,80,tcp,10000,0,1
e1706553bf69dd5f59d190f50b94cd114287f296007ce92b41558fac63cc5bca,docker.io/cvetkovic/dirigent_empty_function:latest,80,tcp,10000,0,1
6c0b82bcf231fa4d78f49cddd09534ea0213fc82111c2f2906ded2604785ad20,docker.io/cvetkovic/dirigent_empty_function:latest,80,tcp,10000,0,1
a28c4a0ae28c67dfebd8df84adadfc292fa5d7f6b78fc536eff607d5c18bbbaa,docker.io/cvetkovic/dirigent_empty_function:latest,80,tcp,10000,0,1
de514f47b5e017a9a81c6547d3fbb7566f9bbeea71788c5ab2d1b4a3423d27cf,docker.io/cvetkovic/dirigent_empty_function:latest,80,tcp,10000,0,1
5743d291584de1782cc8c31d2f7e38aebafd8c1e92b5d5b5d65dfdd405411a8d,docker.io/cvetkovic/dirigent_empty_function:latest,80,tcp,10000,0,1
ee37809373c0c565e313f5dd9572cc0ade6cbedf3c618f75ee7fa310dccdb536,docker.io/cvetkovic/dirigent_empty_function:latest,80,tcp,10000,0,1
e55c88c99470a1be1c713f6569b264ccdd0d5625192a1816ccf6b3f7072d6c99,docker.io/cvetkovic/dirigent_empty_function:latest,80,tcp,10000,0,1
c612420b94ad9b43385c9b63ffd2201d81fad2e1e1b09aecd1bd497883e21f13,docker.io/cvetkovic/dirigent_empty_function:latest,80,tcp,10000,0,1
f0451c23a351180c852d10b56038f3658d3251dca99d7690a7433067f7d709ab,docker.io/cvetkovic/dirigent_empty_function:latest,80,tcp,10000,0,1
30a976ce7f034420063954b34aa8e5f113a64794340d63cca6f1e6edb7469342,docker.io/cvetkovic/dirigent_empty_function:latest,80,tcp,10000,0,1
7cf7b782d0dfeb49af36ebc66515605ca3efcce0186480706828e80ccaee5fe7,docker.io/cvetkovic/dirigent_empty_function:latest,80,tcp,10000,0,1
a48048b8be2f40a97f8a75ee6dd69233a80963f30cfe6ddb0df87600b2523b7b,docker.io/cvetkovic/dirigent_empty_function:latest,80,tcp,10000,0,1
6d3848cb7821436a8784a9875eb312b19b00c69bf075cffae816e60f898abfd1,docker.io/cvetkovic/dirigent_empty_function:latest,80,tcp,10000,0,1
ea69d4c74347ee7d61e502a739c6183792b7012148df389e0868663460e3dc04,docker.io/cvetkovic/dirigent_empty_function:latest,80,tcp,10000,0,1
30824176d78e53ab308dfcc6c6b1ef125325b01e1ba8c17b3db6f64bbdcc9bde,docker.io/cvetkovic/dirigent_empty_function:latest,80,tcp,10000,0,1
7671b56c7a2afc9b1cbfa7d3a3d5357722db774ff5240ec7d64ffccd652bab9f,docker.io/cvetkovic/dirigent_empty_function:latest,80,tcp,10000,0,1
da150d4a89662aa55f91562dcd5a19f78b52adae9abb39372ef19486f311b6b6,docker.io/cvetkovic/dirigent_empty_function:latest,80,tcp,10000,0,1
193c3349208ee40b3605117436a98ba0bc9ebf11831e5e1d350fba23836c6ee1,docker.io/cvetkovic/dirigent_empty_function:latest,80,tcp,10000,0,1
8cff239c5c7bc304e4ef6419bd54599d9c5fb04bdba9589885a99ad1a7d233c4,docker.io/cvetkovic/dirigent_empty_function:latest,80,tcp,10000,0,1
97280fafc40a14a9f8b506e7d68e6aa40028cb0d6f9904f2b72e8fc5b8a2743c,docker.io/cvetkovic/dirigent_empty_function:latest,80,tcp,10000,0,1
191a2752b652b23868248a0befd01aca3c401e1193c56de65a31f47270d7161d,docker.io/cvetkovic/dirigent_empty_function:latest,80,tcp,10000,0,1
d59fc3af95717c502db1550b62f13524e23797e97ffead0d7dcecc798ff4efd5,docker.io/cvetkovic/dirigent_empty_function:latest,80,tcp,10000,0,1
9fdba9029a999a81a7a695051d59310ef5b78724211d85efb4f76b90f6fdbf0b,docker.io/cvetkovic/dirigent_empty_function:latest,80,tcp,10000,0,1
ea6fa882454f2fc082447d0cd52d51427848219099c278c07c806cbbc1a3d6ab,docker.io/cvetkovic/dirigent_empty_function:latest,80,tcp,10000,0,1
0951ccc96bb7542d6d77e5f7305478d46e4b2199765e7fbbef29bb72983e16e2,docker.io/cvetkovic/dirigent_empty_function:latest,80,tcp,10000,0,1
0f18b823c1f76b661aa4cffa52b5af68bda335d798177946ba0679ac49418b85,docker.io/cvetkovic/dirigent_empty_function:latest,80,tcp,10000,0,1
eaf3c663025cfcd00a1cef19330c2b5ac6521ffc34ad2fc242ebb2943abe286d,docker.io/cvetkovic/dirigent_empty_function:latest,80,tcp,10000,0,1
b37c42f95aa9eadc5cd34b191433c7c3a0c5e5bdbe1248575243c4c6949a81bd,docker.io/cvetkovic/dirigent_empty_function:latest,80,tcp,10000,0,1
fe9f93bc1da6a7f847ef91c8633ae42508c114fe032ee887dceb712da9f7dd5d,docker.io/cvetkovic/dirigent_empty_function:latest,80,tcp,10000,0,1
017ff0630f7272f1abbd250aaee0f7f6e950ce5ce6642de5be9ccbbcc3af9b49,docker.io/cvetkovic/dirigent_empty_function:latest,80,tcp,10000,0,1
a8cabe04650ba602ed3fd0551dcb541faacc4a63aa6450be970d7b9d4bf1a4e3,docker.io/cvetkovic/dirigent_empty_function:latest,80,tcp,10000,0,1
15c7f6269ee7e07b3bbe92e757f546c9129a7e7b6d3ed7c711ad4e2663c6107e,docker.io/cvetkovic/dirigent_empty_function:latest,80,tcp,10000,0,1
edf9a0ad885c9b8f069e916873809c5678267b8112b901a2eb04e2492b92feb8,docker.io/cvetkovic/dirigent_empty_function:latest,80,tcp,10000,0,1
1973695a36c93b07d71165bd64a649f215c96816c6cb98162ae3afdb82ba06be,docker.io/cvetkovic/dirigent_empty_function:latest,80,tcp,10000,0,1
bf5f5cea498f694dccd7168a1cb92b6118a970fa4fbf927078a6abb9b10d245e,docker.io/cvetkovic/dirigent_empty_function:latest,80,tcp,10000,0,1
fb7d132ef2b4d26aefc14420810fbda1058aa4152fc444dcef178ec69c26a704,docker.io/cvetkovic/dirigent_empty_function:latest,80,tcp,10000,0,1
3014256b1f4a3c267845f264942a01b4944d75ce2a2829030e1d934f8d5299fa,docker.io/cvetkovic/dirigent_empty_function:latest,80,tcp,10000,0,1
44dbff3af6caecd83cfd37649c5bf7e7a2c42d8cb8bc47c1b7bf3a20f12903d6,docker.io/cvetkovic/dirigent_empty_function:latest,80,tcp,10000,0,1
aac5210d020b4583b0ea1292a606b4d47e6bab41d1c89455a596470419b64fca,docker.io/cvetkovic/dirigent_empty_function:latest,80,tcp,10000,0,1
559045880aa92bee8d8df8bb9c7564c8a6a6a8cccc644c2c15bd337bb7a9bd6e,docker.io/cvetkovic/dirigent_empty_function:latest,80,tcp,10000,0,1
1fa06535203693698b96c9d65f3529e724f80a80af2e779880fe15cf9739fad7,docker.io/cvetkovic/dirigent_empty_function:latest,80,tcp,10000,0,1
6f88de237963ead7daf697080b93c9570e5e776ce423769895c2e350018f9f44,docker.io/cvetkovic/dirigent_empty_function:latest,80,tcp,10000,0,1
266dafac44449eaa92596aecec2df90ae31d0f422cc3786b814eeb057e131aa1,docker.io/cvetkovic/dirigent_empty_function:latest,80,tcp,10000,0,1
ff45ceebb91142ea900540d904cd03d4da638f602442590da927d53ec40c2e79,docker.io/cvetkovic/dirigent_empty_function:latest,80,tcp,10000,0,1
1dea6307388fcc2f18f27484fd6105786ec03bcf94b86805edd95126bef1fce7,docker.io/cvetkovic/dirigent_empty_function:latest,80,tcp,10000,0,1
6b9dc5784ef5cefef7831867c253cf7a5743e37c246bf1b169285c4c8440a6ae,docker.io/cvetkovic/dirigent_empty_function:latest,80,tcp,10000,0,1
dcc194cabcdcab78061a887c20975dff5a01e18c5d16e0dc4e89e832fd61111b,docker.io/cvetkovic/dirigent_empty_function:latest,80,tcp,10000,0,1
7c751db469652a6fca16a4b0b4d1a5c20f35de5d1677c84f2d8c212c89fc4e77,docker.io/cvetkovic/dirigent_empty_function:latest,80,tcp,10000,0,1
55e77829dc5340f51341793e494af06f2a3917edb412300f106f5327ddb53382,docker.io/cvetkovic/dirigent_empty_function:latest,80,tcp,10000,0,1
61ecb17c5be8d65aaeba67e29442305cd1232a1733fa04735e22593fa46ad852,docker.io/cvetkovic/dirigent_empty_function:latest,80,tcp,10000,0,1
6ebf3ebd2876e935950c7a566d8c766d134321276ce922870bfc98d53655709e,docker.io/cvetkovic/dirigent_empty_function:latest,80,tcp,10000,0,1
8f28448c7d7552a03a35a45f4234e5add1671518f2947a491265576bf90a9049,docker.io/cvetkovic/dirigent_empty_function:latest,80,tcp,10000,0,1
b932edd190eaf4433a887bfe01f36621637279cd819353e3a07d65b0a6502e81,docker.io/cvetkovic/dirigent_empty_function:latest,80,tcp,10000,0,1
3e0cbe701c1d5f325a7e38a90b0dcec82cedff85da5bf17b419132251c7fe833,docker.io/cvetkovic/dirigent_empty_function:latest,80,tcp,10000,0,1
d5aabcb861e4c99bc425aaaf5640d049866af5d4babbedc70b5d7a41f8514d1d,docker.io/cvetkovic/dirigent_empty_function:latest,80,tcp,10000,0,1
74c291083b9ebe8f412971ea3f83b89d4d98687cae81e4676e218b26adccb477,docker.io/cvetkovic/dirigent_empty_function:latest,80,tcp,10000,0,1
620d564e689e75ad22044fd52fe1cd10ce5928a2daf2d2c4d834e49646670300,docker.io/cvetkovic/dirigent_empty_function:latest,80,tcp,10000,0,1
efc7ab108e0231699c45a70d9f071302dab73dbaffae810b019f1c2c7366e0cc,docker.io/cvetkovic/dirigent_empty_function:latest,80,tcp,10000,0,1
a60437dffce8c33066c7eea928797c76231c489ade02c6b2ece258d4ae6fe58f,docker.io/cvetkovic/dirigent_empty_function:latest,80,tcp,10000,0,1
162305394c3cdbdd15159872ebbc36a2180378b7cd612914b06f5e75d7e4f3f8,docker.io/cvetkovic/dirigent_empty_function:latest,80,tcp,10000,0,1
d7dd56098245844f303192b8dbec3d4a02f7132778c57a43248098bbe7a7e15b,docker.io/cvetkovic/dirigent_empty_function:latest,80,tcp,10000,0,1
467c037fe5fbad1adf5c67c816b6f02c1a0831b4f5e4a21d8862d76b5fa42ade,docker.io/cvetkovic/dirigent_empty_function:latest,80,tcp,10000,0,1
93e9c50f4c9f049876bc92f732627abefbb7f3a53a4b7710529fde50c0ac5384,docker.io/cvetkovic/dirigent_empty_function:latest,80,tcp,10000,0,1
ecea42d32efa4bc3c37b7c2f05cef9e74d37f12317f90d0b6c45179c811aa02b,docker.io/cvetkovic/dirigent_empty_function:latest,80,tcp,10000,0,1
1f19e3ce2309a492d166638d8914413dbaf94aa085a3c2c11c4918da6aeafe55,docker.io/cvetkovic/dirigent_empty_function:latest,80,tcp,10000,0,1
c29b95c9b18c5b6d369cce433333f7aed5516a37b8288f16b9bfca57244c1973,docker.io/cvetkovic/dirigent_empty_function:latest,80,tcp,10000,0,1
35745b579dbe72e919ad52b53e47aa07b2335ffd11f31808c84766898f2af562,docker.io/cvetkovic/dirigent_empty_function:latest,80,tcp,10000,0,1
b00637677abaca7ca894aef37535c01a635f98053b666bc419ac82a7d9951ccc,docker.io/cvetkovic/dirigent_empty_function:latest,80,tcp,10000,0,1
152cc8ccb6a697f9e9c0705eb86e6c716af7bec21241732b612428e98446a6bf,docker.io/cvetkovic/dirigent_empty_function:latest,80,tcp,10000,0,1
9cd1f52257ff791d13798a08b046c22c3b0d8ea3eaaa1169184808426e5e8eed,docker.io/cvetkovic/dirigent_empty_function:latest,80,tcp,10000,0,1
4e87526d1f788765a3c620a3925fc773bf0c892e37e0349d9e6d0e013877bf53,docker.io/cvetkovic/dirigent_empty_function:latest,80,tcp,10000,0,1
4deae90a07ee8589e8c9a025da11d7355ea315611391fcf3acf319364aa998e4,docker.io/cvetkovic/dirigent_empty_function:latest,80,tcp,10000,0,1
73d7a4ae34efaeda844d4eca2b15dbad9b3f67dd6c9688617b44ad821193eb7d,docker.io/cvetkovic/dirigent_empty_function:latest,80,tcp,10000,0,1
56dec7696b202346b9ca74a9fee5d44af51d63d95c68ac660607adae6504c3e1,docker.io/cvetkovic/dirigent_empty_function:latest,80,tcp,10000,0,1
ea4197e1ce9a81eb3f89ac0baed7e89c3bbd7de2a6365c89bb14738f19d428bf,docker.io/cvetkovic/dirigent_empty_function:latest,80,tcp,10000,0,1
d3c611f28f89668aa343262428c700d48fcd54c2d6c52b6242bb67b2ae7fdf13,docker.io/cvetkovic/dirigent_empty_function:latest,80,tcp,10000,0,1
03363bc047e8b639d2473e49e925380f78398ff54cd1d5831fc873f3fd2dba56,docker.io/cvetkovic/dirigent_empty_function:latest,80,tcp,10000,0,1
283446e0282e131c0f6d2aaf5f75fd6fce0275c2be20080879c8494f6fee6a62,docker.io/cvetkovic/dirigent_empty_function:latest,80,tcp,10000,0,1
ca848836121bdb21010f1921544d3faeb324024164b77a9d68d266f575540634,docker.io/cvetkovic/dirigent_empty_function:latest,80,tcp,10000,0,1
efbbed3f7c5111e00a166eeba026ce05820e19785bf3f874f2635f08a5cec5b3,docker.io/cvetkovic/dirigent_empty_function:latest,80,tcp,10000,0,1
2bd02ea9c40a39c53893b3c4b02b8af13c3cf1fbdf710a53526ebfe266c92780,docker.io/cvetkovic/dirigent_empty_function:latest,80,tcp,10000,0,1
2cbc6e74c6c7f1e6946a03ee19880378010ed4f3948cdd9558df1e20a8fc2ace,docker.io/cvetkovic/dirigent_empty_function:latest,80,tcp,10000,0,1
977934a5810d1c541bb1456d71728f2b13e131f6a3fd15dc3f0f5735c596c6ee,docker.io/cvetkovic/dirigent_empty_function:latest,80,tcp,10000,0,1
b2046afed65e92486b8e932a8fee93a7f62e64609c3cb88369905dd1fe7542e1,docker.io/cvetkovic/dirigent_empty_function:latest,80,tcp,10000,0,1
c8b497ed8487b6fc1fec4137c1f62c44b08869f977fce93b8c0323105f531735,docker.io/cvetkovic/dirigent_empty_function:latest,80,tcp,10000,0,1
9d49bf0e847d78048034d42b3f87d609211b1417298574c66c5aa182927456fa,docker.io/cvetkovic/dirigent_empty_function:latest,80,tcp,10000,0,1
ddd9dd099c76594a7dcb298501961df3308f91d4083f28e4cc2fdfdcae4a1377,docker.io/cvetkovic/dirigent_empty_function:latest,80,tcp,10000,0,1
670f8793ee12737a6e7d859557106de524be4bb74bb400f43ecd7ecbd407af55,docker.io/cvetkovic/dirigent_empty_function:latest,80,tcp,10000,0,1
7ecdb8bb2d67ccb81fe17a8617d79fecb1bbbe27a375dc8fc1874b213ea2b4bf,docker.io/cvetkovic/dirigent_empty_function:latest,80,tcp,10000,0,1
f4009b0c3dc6e7f555213f37cb851342e66ff7cd18aca35a3c5e85b67cd3a67d,docker.io/cvetkovic/dirigent_empty_function:latest,80,tcp,10000,0,1
d044bc0fcabcdf9690f322f3c4014ce72f3460c9b513cac71f5cd678b9c5d45c,docker.io/cvetkovic/dirigent_empty_function:latest,80,tcp,10000,0,1
